20001,Ileana Streinu,Smith College,ileana.streinu@example.com
20002,Louis Theran,University of St Andrews,louis.theran@example.com
20003,Hongjun Pan,University of North Texas,hongjun.pan@example.com
20004,David Callan,University of Colorado Boulder,david.callan@example.com
20005,Wael Abu-Shammala  ,University of Oxford,wael.abushammala@example.com
20006,Y. H. Pong  ,MIT,y.h.pong@example.com
20007,Alejandro Corichi,NUS,alejandro.corichi@example.com
20008,Damian C. Swift,Stanford University,damian.swift@example.com
20009,Paul Harvey ,Harvard University,paul.harvey@example.com
20010,Sergei Ovchinnikov,University of Cambridge,sergei.ovchinnikov@example.com
20011,Clifton Cunningham  ,Imperial College London,clifton.cunningham@example.com
20012,Dohoon Choi,University of Chicago,dohoon.choi@example.com
20013,Dohoon Choi and YoungJu Choie,Princeton University,dohoon.youngju@example.com
20014,Koichi Fujii,Yale University,koichi.fujii@example.com
20015,Christian Stahn,California Institute of Technology,christian.stahn@example.com
20016,Chao-Hsi Chang ,University of Pennsylvania,chaohsi.chang@example.com
20017,Nceba Mhlahlo,"University of California, Berkeley",nceba.mhlahlo@example.com
20018,Andreas Gustavsson,University of Michigan,andreas.gustavsson@example.com
20019,Norio Konno,University of Toronto,norio.konno@example.com
20020,B. Aubert ,University of Washington,b.aubert@example.com
20021,Vanessa Casagrande ,Johns Hopkins University,vanessa.casagrande@gmail.com
20022,Simon J.A. Malham ,"University of California, Los Angeles",simon.malham@yahoo.co.uk
20023,M. A. Loukitcheva,University of Edinburgh,m.loukitcheva@outlook.com
20024,"M. Kostylev, and B. Hillebrands","University of California, Berkeley",m.kostylev@gmail.com
20025,A. S. Mishchenko  ,University of Washington,a.mishchenko@yahoo.com
20026,Robert P. C. de Marrais,University of Edinburgh,robert.demarrais@outlook.com
20027,M. O. Goerbig ,University of Wisconsin-Madison,m.goerbig@gmail.com
20028,  E. Frenkel,University of Singapore,e.frenkel@yahoo.com
20029,Wei-Zhen Deng,University of Hong Kong,wei.deng@outlook.com
20030,J.P.Hague,University of Sydney,j.hague@gmail.com
20031,V. M. Biryukov,University of Queensland,v.biryukov@yahoo.com
20032,A. Esteban-Pretel,University of Auckland,a.esteban@outlook.com
20033,Valeri P. Maltsev ,University of Alberta,valeri.maltsev@gmail.com
20034,Vasily Ogryzko,University of Montreal,vasily.ogryzko@yahoo.com
20035,Alfons G. Hoekstra,University of Western Australia,alfons.hoekstra@outlook.com
20036,Liming Wang ,University of Amsterdam,liming.wang@gmail.com
20037,Eduardo D. Sontag,University of Groningen,eduardo.sontag@yahoo.com
20038,Luis Roca,University of Utrecht,luis.roca@outlook.com
20039,Jose A. Oller ,University of Bonn,jose.oller@gmail.com
20040,Mihai Popa,University of Heidelberg,mihai.popa@yahoo.com
20041,Debashish Goswami,University of Freiburg,debashish.goswami@outlook.com
20042,Ignazio Licata,University of Frankfurt,ignazio.licata@gmail.com
20043,J. Levesley,University of Rome La Sapienza,j.levesley@yahoo.com
20044,A. A. Schekochihin,University of Milan,a.schekochihin@outlook.com
20045,G.A. El ,University of Bologna,g.el@gmail.com
20046,I. Csiszar ,University of Turin,i.csiszar@yahoo.com
20047,T. Kosel  ,University of Barcelona,t.kosel@outlook.com
20048,Alexander Stroeer,"University of California, Berkeley",alexander.stroeer@gmail.com
20049,Mikkel,University of Michigan,mikkel@yahoo.com
20050,T. Kosel,University of Toronto,t.koseland@outlook.com
